{
  "input_file": "/home/yuanz/Documents/GitHub/biomarvin_schizophrenia/experiments/batch_044/output/A_eur_sldsc_v2.results",
  "n_total_coefficients": 101,
  "method": "BH-FDR (statsmodels multipletests fdr_bh) across all tau* z-scores",
  "p_computation": "two-sided p = 2 * (1 - norm.cdf(|z|)) from Coefficient_z-score",
  "why_two_sided": "tau* can be positive (enrichment) or negative (depletion); pre-registered neuronal directionality claim is positive but two-sided test is conservative.",
  "why_full_family": "Cell-type tau coefficients are estimated jointly with ~90 baselineLD categories in one S-LDSC model; multiple testing correction must span the full coefficient family actually fit.",
  "neuronal": {
    "category": "neuronalL2_0",
    "tau": 7.736746666128541e-08,
    "tau_se": 4.474897584557675e-08,
    "z": 1.7289215048914437,
    "raw_p_two_sided": 0.08382314465635501,
    "bh_q": 0.22279309500768044
  },
  "oligodendrocyte": {
    "category": "oligodendrocyteL2_0",
    "tau": -9.143474293099345e-08,
    "tau_se": 4.044943046278601e-08,
    "z": -2.260470466082695,
    "raw_p_two_sided": 0.023792067412431988,
    "bh_q": 0.0760164189244215
  },
  "astrocyte": {
    "category": "astrocyteL2_0",
    "tau": -9.08540006345443e-08,
    "tau_se": 9.148137643124177e-08,
    "z": -0.9931420380718802,
    "raw_p_two_sided": 0.32064074008697385,
    "bh_q": 0.5040610015298361
  },
  "OPC": {
    "category": "OPCL2_0",
    "tau": 2.828658672039601e-07,
    "tau_se": 2.9486474882756014e-07,
    "z": 0.9593071682142068,
    "raw_p_two_sided": 0.3374040252894839,
    "bh_q": 0.5163304023369374
  },
  "abs_z_gt_2": [
    {
      "category": "MAFbin9L2_1",
      "tau": 1.796821602472645e-07,
      "tau_se": 2.4571805232725942e-08,
      "z": 7.312533960995058,
      "raw_p_two_sided": 2.621509922697704e-13,
      "bh_q": 2.647725021924681e-11
    },
    {
      "category": "MAFbin10L2_1",
      "tau": 1.704149445478068e-07,
      "tau_se": 2.526603363463466e-08,
      "z": 6.74482378247934,
      "raw_p_two_sided": 1.5321285953996732e-11,
      "bh_q": 7.73724940676835e-10
    },
    {
      "category": "GERP.NSL2_1",
      "tau": 6.601307030137002e-08,
      "tau_se": 1.0076861727468032e-08,
      "z": 6.550955256379888,
      "raw_p_two_sided": 5.717018789954078e-11,
      "bh_q": 1.9247296592845396e-09
    },
    {
      "category": "MAFbin8L2_1",
      "tau": 1.4877300808139034e-07,
      "tau_se": 2.331343442124225e-08,
      "z": 6.381428209729339,
      "raw_p_two_sided": 1.7544396561605227e-10,
      "bh_q": 3.543968105444256e-09
    },
    {
      "category": "CpG_Content_50kbL2_1",
      "tau": 8.528809393060291e-06,
      "tau_se": 1.3296990210326469e-06,
      "z": 6.414090149842182,
      "raw_p_two_sided": 1.4166636301557893e-10,
      "bh_q": 3.543968105444256e-09
    },
    {
      "category": "MAFbin5L2_1",
      "tau": 1.329931203995897e-07,
      "tau_se": 2.1834622370346245e-08,
      "z": 6.090928349656672,
      "raw_p_two_sided": 1.1225778887882505e-09,
      "bh_q": 1.8896727794602216e-08
    },
    {
      "category": "MAFbin6L2_1",
      "tau": 1.1888886658886768e-07,
      "tau_se": 2.080155297386263e-08,
      "z": 5.715384170511346,
      "raw_p_two_sided": 1.094564573842131e-08,
      "bh_q": 1.5793003136865033e-07
    },
    {
      "category": "MAFbin2L2_1",
      "tau": 8.428423749347876e-08,
      "tau_se": 1.62907815235922e-08,
      "z": 5.173738127383202,
      "raw_p_two_sided": 2.2945636141904803e-07,
      "bh_q": 2.896886562915481e-06
    },
    {
      "category": "Conserved_Primate_phastCons46way.flanking.500L2_1",
      "tau": 2.601793517834628e-07,
      "tau_se": 5.312117888309808e-08,
      "z": 4.897845967538304,
      "raw_p_two_sided": 9.68929392323112e-07,
      "bh_q": 1.0873540958292701e-05
    },
    {
      "category": "MAFbin7L2_1",
      "tau": 9.089611333554565e-08,
      "tau_se": 1.8936472747440693e-08,
      "z": 4.8000551395101,
      "raw_p_two_sided": 1.5862195135740566e-06,
      "bh_q": 1.602081708709797e-05
    },
    {
      "category": "MAFbin4L2_1",
      "tau": 9.007940337115692e-08,
      "tau_se": 1.969441875819687e-08,
      "z": 4.5738543735222255,
      "raw_p_two_sided": 4.788327143046949e-06,
      "bh_q": 4.3965549222521984e-05
    },
    {
      "category": "MAF_Adj_ASMCL2_1",
      "tau": -3.3303756488427044e-08,
      "tau_se": 7.763308324781202e-09,
      "z": -4.289892284983497,
      "raw_p_two_sided": 1.7875979790130665e-05,
      "bh_q": 0.00015045616323359977
    },
    {
      "category": "Conserved_Primate_phastCons46wayL2_1",
      "tau": 1.0242605876981673e-06,
      "tau_se": 2.4503869064328684e-07,
      "z": 4.1799953509759264,
      "raw_p_two_sided": 2.915150554929798e-05,
      "bh_q": 0.00022648477388300737
    },
    {
      "category": "MAF_Adj_Predicted_Allele_AgeL2_1",
      "tau": -4.0952588741640294e-08,
      "tau_se": 1.0099950583844954e-08,
      "z": -4.054731595137175,
      "raw_p_two_sided": 5.019190103693813e-05,
      "bh_q": 0.0003620987146236251
    },
    {
      "category": "Recomb_Rate_10kbL2_1",
      "tau": -1.1966887881034133e-08,
      "tau_se": 2.9817159870526104e-09,
      "z": -4.013423120443894,
      "raw_p_two_sided": 5.9844499668933364e-05,
      "bh_q": 0.00037776840416014183
    },
    {
      "category": "MAF_Adj_LLD_AFRL2_1",
      "tau": -2.5702880634513294e-08,
      "tau_se": 6.395267415407914e-09,
      "z": -4.019047049164537,
      "raw_p_two_sided": 5.8434002537578746e-05,
      "bh_q": 0.00037776840416014183
    },
    {
      "category": "MAFbin3L2_1",
      "tau": 5.980413148895232e-08,
      "tau_se": 1.5409548083820715e-08,
      "z": 3.8809789335576808,
      "raw_p_two_sided": 0.0001040368534184988,
      "bh_q": 0.0006181013056040223
    },
    {
      "category": "Human_Promoter_Villar_ExACL2_1",
      "tau": 1.3638479234207342e-06,
      "tau_se": 3.655525561217082e-07,
      "z": 3.7309215886501703,
      "raw_p_two_sided": 0.00019078060013811356,
      "bh_q": 0.001070491145219415
    },
    {
      "category": "Conserved_Mammal_phastCons46way.flanking.500L2_1",
      "tau": -2.430712171041885e-07,
      "tau_se": 6.922394076994341e-08,
      "z": -3.5113750300926,
      "raw_p_two_sided": 0.000445795008231092,
      "bh_q": 0.002369752412175805
    },
    {
      "category": "baseL2_1",
      "tau": -1.469334302751449e-07,
      "tau_se": 4.2950653909687985e-08,
      "z": -3.420982380945834,
      "raw_p_two_sided": 0.0006239537437406644,
      "bh_q": 0.0031509664058903555
    },
    {
      "category": "GTEx_eQTL_MaxCPPL2_1",
      "tau": 7.507052498889351e-07,
      "tau_se": 2.279362190524082e-07,
      "z": 3.2934882091570072,
      "raw_p_two_sided": 0.0009895249181060383,
      "bh_q": 0.004759143653748089
    },
    {
      "category": "Ancient_Sequence_Age_Human_Enhancer.flanking.500L2_1",
      "tau": -6.740398287994549e-07,
      "tau_se": 2.1573242883318674e-07,
      "z": -3.1244251615071303,
      "raw_p_two_sided": 0.0017815283412553813,
      "bh_q": 0.008178834657581523
    },
    {
      "category": "Coding_UCSC.flanking.500L2_1",
      "tau": -2.0876072328313005e-07,
      "tau_se": 7.38892494781835e-08,
      "z": -2.825319309066316,
      "raw_p_two_sided": 0.004723351995610905,
      "bh_q": 0.019877439648195893
    },
    {
      "category": "Ancient_Sequence_Age_Human_EnhancerL2_1",
      "tau": 1.062065441695845e-06,
      "tau_se": 3.75414166262864e-07,
      "z": 2.8290499856955043,
      "raw_p_two_sided": 0.004668640650958255,
      "bh_q": 0.019877439648195893
    },
    {
      "category": "Intron_UCSCL2_1",
      "tau": 2.4538803481834595e-08,
      "tau_se": 8.768771304043622e-09,
      "z": 2.798431231809957,
      "raw_p_two_sided": 0.005135150292432231,
      "bh_q": 0.020746007181426215
    },
    {
      "category": "MAFbin1L2_1",
      "tau": 3.913161637367545e-08,
      "tau_se": 1.4461922766887554e-08,
      "z": 2.705837737100378,