finding,pair,hypothesis,rho,fdr_bh,survives_fdr_0p05
F068_02,CXCL2-CXCR2,JUNB coupling,0.9242800397219462,1.490776022460198e-08,True
F068_03,VEGFA-KDR,JUNB coupling (pro-angiogenic),0.7662232510332925,7.611858430032539e-05,True
F068_04,SEMA3C-NRP1,age decrease,-0.550496128804369,0.176725233942012,False
F068_04,SEMA3F-NRP2,age decrease,-0.5000009802989324,0.176725233942012,False
F068_04,FGF1-FGFR1,age decrease,-0.4900999707880624,0.176725233942012,False
