Finding,Dataset,Compartment,TF,N_donors,rho,CI_95,p_value,Classification,Note,MDR_80power,observed_power,power_verdict
F084,HLMA,Vascular,JUNB,23,0.929,"[0.837, 0.97]",1.6548391978623618e-10,ESTABLISHED,Unchanged,0.5682763368731805,0.9999999064356044,ADEQUATE
F093,HLMA,MuSC,CDKN1A,23,0.929,"[0.837, 0.97]",1.6605727716360202e-10,ESTABLISHED,Unchanged,0.5682763368731805,0.9999999064356044,ADEQUATE
F080,HLMA,FAP,JUNB,22,-0.014,"[-0.433, 0.41]",0.9502846499817856,,"CORRECTED: was rho=0.573 (wrong file, 12 donors), now rho=-0.014 (correct 22-donor file)",0.5795127038300296,0.050402590380330535,UNDERPOWERED
D2,,Endothelium,JUNB,12,0.72,"[0.25, 0.916]",0.0082397687123384,MODERATE,Unchanged,0.7449316272831799,0.7532620231716056,UNDERPOWERED
Q2,,FAP,JUNB,12,0.573,"[-0.001, 0.863]",0.0512655897864914,WEAK,"NA FAP now correctly labeled. rho=0.573, p=0.051",0.7449316272831799,0.4760576743813757,UNDERPOWERED
