{
  "neurons": {
    "or_mle": 9.941932384555335,
    "ci_low": 5.8325214068443225,
    "ci_high": 16.946704974469768,
    "se_log_or": 0.2720979650425339,
    "p_two_sided": 2.986639276494334e-11,
    "p_one_sided": 2.986639276494334e-11,
    "a": 17,
    "b": 78,
    "c": 427,
    "d": 19478
  },
  "oligodendrocytes": {
    "or_mle": 5.546590909090909,
    "ci_low": 1.9531645847157248,
    "ci_high": 15.751192169648927,
    "se_log_or": 0.5325166159710181,
    "p_two_sided": 0.008050575518043598,
    "p_one_sided": 0.008050575518043598,
    "a": 4,
    "b": 32,
    "c": 440,
    "d": 19524
  },
  "astrocytes": {
    "or_mle": 16.15289256198347,
    "ci_low": 5.123366772436006,
    "ci_high": 50.92665618294652,
    "se_log_or": 0.5858608897702388,
    "p_two_sided": 0.0002693090593732581,
    "p_one_sided": 0.0002693090593732581,
    "a": 4,
    "b": 11,
    "c": 440,
    "d": 19545
  },
  "opcs": {
    "or_mle": 11.05656108597285,
    "ci_low": 2.3411508933032854,
    "ci_high": 52.21685769914728,
    "se_log_or": 0.7920313122392436,
    "p_two_sided": 0.019666239982440048,
    "p_one_sided": 0.019666239982440048,
    "a": 2,
    "b": 8,
    "c": 442,
    "d": 19548
  },
  "complement": {
    "or_mle": 29.491704374057313,
    "ci_low": 4.915532047978373,
    "ci_high": 176.94129921185242,
    "se_log_or": 0.914137254365749,
    "p_two_sided": 0.004703742930305826,
    "p_one_sided": 0.004703742930305826,
    "a": 2,
    "b": 3,
    "c": 442,
    "d": 19553
  },
  "cytokine": {
    "or_mle": 88.4841628959276,
    "ci_low": 8.008256728238019,
    "ci_high": 977.6718390889666,
    "se_log_or": 1.2256890230622648,
    "p_two_sided": 0.0014535260366378656,
    "p_one_sided": 0.0014535260366378656,
    "a": 2,
    "b": 1,
    "c": 442,
    "d": 19555
  },
  "tlr": {
    "or_mle": 2.5135693977772036,
    "ci_low": 1.0983057372752703,
    "ci_high": 5.752524914525283,
    "se_log_or": 0.4224158470457716,
    "p_two_sided": 0.03881177717035861,
    "p_one_sided": 0.03881177717035861,
    "a": 6,
    "b": 106,
    "c": 438,
    "d": 19450
  },
  "cross_neuronal": {
    "or_mle": 29.883792048929664,
    "ci_low": 12.154293725213723,
    "ci_high": 73.4753534358878,
    "se_log_or": 0.4589968168881231,
    "p_two_sided": 5.523969452973425e-09,
    "p_one_sided": 5.523969452973425e-09,
    "a": 8,
    "b": 12,
    "c": 436,
    "d": 19544
  },
  "rela": {
    "or_mle": 133.93150684931507,
    "ci_low": 26.955732887622766,
    "ci_high": 665.4483705454934,
    "se_log_or": 0.8179247594498671,
    "p_two_sided": 3.121813075146537e-09,
    "p_one_sided": 3.121813075146537e-09,
    "a": 6,
    "b": 2,
    "c": 438,
    "d": 19554
  },
  "nfkb1": {
    "or_mle": 111.35535307517084,
    "ci_low": 21.545069873182015,
    "ci_high": 575.5383821674557,
    "se_log_or": 0.838050741160488,
    "p_two_sided": 1.0674599359385641e-07,
    "p_one_sided": 1.0674599359385641e-07,
    "a": 5,
    "b": 2,
    "c": 439,
    "d": 19554
  },
  "tcf4": {
    "or_mle": 32.927031509121065,
    "ci_low": 7.047702824449333,
    "ci_high": 153.83585701733443,
    "se_log_or": 0.7865266447016231,
    "p_two_sided": 0.0024251265854709795,
    "p_one_sided": 0.0024251265854709795,
    "a": 2,
    "b": 9,
    "c": 134,
    "d": 19855
  },
  "nfkb_pardinas": {
    "or_mle": 5.676529732835392,
    "ci_low": 2.061777554919736,
    "ci_high": 15.628742165164695,
    "se_log_or": 0.5167201949119293,
    "p_two_sided": 0.00665875800207858,
    "p_one_sided": 0.00665875800207858,
    "a": 4,
    "b": 118,
    "c": 118,
    "d": 19760
  },
  "syngo_pgc2": {
    "or_mle": 1.1452548438849808,
    "ci_low": 0.5321783032851074,
    "ci_high": 2.4646037791197495,
    "se_log_or": 0.39102238395993394,
    "p_two_sided": 0.6762869589246112,
    "p_one_sided": 0.4206782699115601,
    "a": 7,
    "b": 1022,
    "c": 111,
    "d": 18560
  },
  "syngo_pardinas": {
    "or_mle": 9.683885640025991,
    "ci_low": 6.615337202664534,
    "ci_high": 14.175791530525418,
    "se_log_or": 0.19442472352642715,
    "p_two_sided": 6.131219729728751e-23,
    "p_one_sided": 6.131219729728751e-23,
    "a": 41,
    "b": 988,
    "c": 81,
    "d": 18902
  },
  "tlr_pardinas": {
    "or_mle": 5.14778955060285,
    "ci_low": 1.6074011071588312,
    "ci_high": 16.486076275097016,
    "se_log_or": 0.5938514048352728,
    "p_two_sided": 0.023313246032889236,
    "p_one_sided": 0.023313246032889236,
    "a": 3,
    "b": 92,
    "c": 119,
    "d": 18786
  },
  "egr1_neuronal": {
    "or_mle": 4118.068965517241,
    "ci_low": 236.87906058905077,
    "ci_high": 71591.3511417401,
    "se_log_or": 1.4569336310011622,
    "p_two_sided": 9.205808326639989e-22,
    "p_one_sided": 9.205808326639989e-22,
    "a": 9,
    "b": 0,
    "c": 87,
    "d": 19904
  },
  "egr1_immune": {
    "or_mle": 3144.9473684210525,
    "ci_low": 174.1174788744123,
    "ci_high": 56804.71606915735,
    "se_log_or": 1.476439896252966,
    "p_two_sided": 3.942276254568091e-15,
    "p_one_sided": 3.942276254568091e-15,
    "a": 6,
    "b": 0,
    "c": 76,
    "d": 19918
  },
  "ctcf_neuronal": {
    "or_mle": 578.4883720930233,
    "ci_low": 177.98168316807437,
    "ci_high": 1880.2429030341027,
    "se_log_or": 0.6013968392276647,
    "p_two_sided": 3.947963243467409e-21,
    "p_one_sided": 3.947963243467409e-21,
    "a": 10,
    "b": 4,
    "c": 86,
    "d": 19900
  },
  "ctcf_immune": {
    "or_mle": 995.9,
    "ci_low": 44.56040942720446,
    "ci_high": 22257.80289609475,
    "se_log_or": 1.585102585274518,
    "p_two_sided": 1.6605830291514576e-05,
    "p_one_sided": 1.6605830291514576e-05,
    "a": 2,
    "b": 0,
    "c": 80,
    "d": 19918
  }
}