finding,description,rho,n,ci_lower,ci_upper,ci_width
F084,HLMA Vascular JUNB-SASP12,0.9287,23,0.8368543605078029,0.9696926876861603,0.13283832717835742
F093,HLMA MuSC p21-SASP12,0.941,16,0.8345990569238914,0.9797111252721804,0.14511206834828905
F001_01,NA Endothelium JUNB-SASP12,0.776,12,0.36435906215393554,0.933964799765314,0.5696057376113784
Q1_top,NA Endothelium KLF10-SASP12,0.804,12,0.42721930447723955,0.9428545440031268,0.5156352395258873
F085,HLMA Vascular JUNB-p21 (V3),0.9154,23,0.8081262638605626,0.9638961512327661,0.15576988737220343
F074,HLMA FAP JUNB-SASP12 (cell level),0.397,40389,0.3887524419398954,0.40518393793877333,0.016431495998877943
F080,NA FAP JUNB-SASP12 (donor level),0.023,17,-0.46276806884498356,0.4981451730881344,0.9609132419331179
