{
  "Neurons": {
    "meta_OR": 4.734373404726197,
    "meta_ci_lo": 1.4291436389567094,
    "meta_ci_hi": 15.683722002738232,
    "meta_p": 0.010949477939435903,
    "I2": 63.90215905926624,
    "Q": 5.540497569601586,
    "Q_p": 0.06264641732682252,
    "tau2": 0.7061844247536244,
    "n_studies": 3,
    "per_gwas": [
      {
        "gwas": "Pardi\u00f1as",
        "OR": 10.093526691887348,
        "ci_lo": 5.921471975083508,
        "ci_hi": 17.205060077719203,
        "p": 2.379614194733084e-11,
        "k": 17,
        "log_or": 2.3118942967738545,
        "se_log_or": 0.27209654813523676
      },
      {
        "gwas": "PGC2",
        "OR": 1.0693360419116862,
        "ci_lo": 0.14833216072399746,
        "ci_hi": 7.708911978023637,
        "p": 0.6105179609218743,
        "k": 1,
        "log_or": 0.06703793429275672,
        "se_log_or": 1.0078260842038202
      },
      {
        "gwas": "PGC3",
        "OR": 4.155913978494624,
        "ci_lo": 1.0106448099690568,
        "ci_hi": 17.089704341504333,
        "p": 0.08827138226499368,
        "k": 2,
        "log_or": 1.4245323748742207,
        "se_log_or": 0.7213999091918946
      }
    ]
  },
  "Oligodendrocyte progenitor cells": {
    "meta_OR": 14.139221077160261,
    "meta_ci_lo": 4.079430362926911,
    "meta_ci_hi": 49.00624716765016,
    "meta_p": 2.9542492990142222e-05,
    "I2": 0.0,
    "Q": 0.2367173569238809,
    "Q_p": 0.6265871309543161,
    "tau2": 0.0,
    "n_studies": 2,
    "per_gwas": [
      {
        "gwas": "Pardi\u00f1as",
        "OR": 11.224547511312217,
        "ci_lo": 2.376723116904404,
        "ci_hi": 53.010157530593354,
        "p": 0.019127917536980753,
        "k": 2,
        "log_or": 2.418103122019577,
        "se_log_or": 0.7920308289236568
      },
      {
        "gwas": "PGC3",
        "OR": 21.356613756613758,
        "ci_lo": 2.6817208874074097,
        "ci_hi": 170.0792029815338,
        "p": 0.05102512509929699,
        "k": 1,
        "log_or": 3.0613614695307314,
        "se_log_or": 1.0586238565883928
      }
    ]
  }
}