{
  "n_genes": 20539,
  "n_SCZ": 441,
  "predictors": [
    "neuronal",
    "oligodendrocyte",
    "astrocyte",
    "OPC",
    "SynGO",
    "TLR",
    "NFKB"
  ],
  "coefficients": {
    "neuronal": {
      "coef": 2.3463815058979725,
      "p": 1.529010174349736e-17,
      "OR": 10.447696316199552
    },
    "oligodendrocyte": {
      "coef": 1.635833278298877,
      "p": 0.0032543909724590575,
      "OR": 5.133734044382393
    },
    "astrocyte": {
      "coef": 2.5326505297152075,
      "p": 5.1457506378310836e-05,
      "OR": 12.58682371282081
    },
    "OPC": {
      "coef": 1.7954525467140907,
      "p": 0.04801995646971023,
      "OR": 6.02219943179593
    },
    "SynGO": {
      "coef": 0.0,
      "p": 1.0,
      "OR": 1.0
    },
    "TLR": {
      "coef": 0.16145544771055145,
      "p": 0.7861729697673798,
      "OR": 1.1752200982460241
    },
    "NFKB": {
      "coef": 0.8544607077155626,
      "p": 0.0009030132432324099,
      "OR": 2.3501066443845327
    }
  },
  "VIF": {
    "neuronal": 1.0008387548829965,
    "oligodendrocyte": 1.0028862940204069,
    "astrocyte": 1.0076460976496668,
    "OPC": 1.0095419241237313,
    "SynGO": NaN,
    "TLR": 1.013887171086831,
    "NFKB": 1.0142799543793866
  },
  "pseudo_R2": 0.018192079031792874,
  "note": "Conditional analysis \u2014 NOT independent evidence beyond Fisher exact"
}