{
  "t1": {
    "Vascular": {
      "n": 23,
      "bivariate": {
        "CDKN1A_SASP": {
          "rho": 0.934623965546104,
          "p": 6.815349680096643e-11
        },
        "JUNB_SASP": {
          "rho": 0.9371004466418805,
          "p": 4.593967180070937e-11
        },
        "CDKN1A_JUNB": {
          "rho": 0.9272591857000992,
          "p": 2.0228897573389854e-10
        }
      },
      "partial_correlations": {
        "CDKN1A_SASP_given_JUNB": {
          "rho": 0.5133533668486864,
          "p": 0.012235112400280928,
          "bootstrap_CI": [
            0.07516852328031395,
            0.8708998917217725
          ]
        },
        "JUNB_SASP_given_CDKN1A": {
          "rho": 0.1374877032600528,
          "p": 0.5315908957614357,
          "bootstrap_CI": [
            -0.3352177597979277,
            0.635574614996851
          ]
        }
      },
      "steiger": {
        "z": -0.008925901749327274,
        "p": 0.9928782553700372
      },
      "vif": {
        "CDKN1A": 10.86577742587738,
        "JUNB": 10.865777920964918
      },
      "decision": "JUNB has independent signal"
    },
    "MuSC": {
      "n": 23,
      "bivariate": {
        "CDKN1A_SASP": {
          "rho": 0.8763025558670409,
          "p": 4.235744346564224e-08
        },
        "JUNB_SASP": {
          "rho": 0.877004777526771,
          "p": 4.002803913439402e-08
        },
        "CDKN1A_JUNB": {
          "rho": 0.9443438847610862,
          "p": 1.3130163218859884e-11
        }
      },
      "partial_correlations": {
        "CDKN1A_SASP_given_JUNB": {
          "rho": 0.5485047062194927,
          "p": 0.006726967056996631,
          "bootstrap_CI": [
            0.039813862340555145,
            0.8718256830877134
          ]
        },
        "JUNB_SASP_given_CDKN1A": {
          "rho": 0.24411473188889504,
          "p": 0.26163573473658414,
          "bootstrap_CI": [
            -0.3066461402107291,
            0.6805988837717443
          ]
        }
      },
      "steiger": {
        "z": -0.004369297629466061,
        "p": 0.9965138159722181
      },
      "vif": {
        "CDKN1A": 4.126181890891088,
        "JUNB": 4.126181890879166
      },
      "decision": "JUNB has independent signal"
    }
  },
  "t2": {
    "Male": {
      "n": 12,
      "JUNB": {
        "rho": 0.8951048951048951,
        "p": 8.36658642909172e-05,
        "CI_95": [
          0.660507291798453,
          0.970472635797728
        ]
      },
      "CDKN1A": {
        "rho": 0.9772344233319931,
        "p": 4.635469762685387e-08,
        "CI_95": [
          0.9184113182082114,
          0.9937851428194757
        ]
      }
    },
    "Female": {
      "n": 11,
      "JUNB": {
        "rho": 0.9358192003574066,
        "p": 2.292672679818994e-05,
        "CI_95": [
          0.7659021860315411,
          0.9835527346762118
        ]
      },
      "CDKN1A": {
        "rho": 0.952166479438449,
        "p": 6.254560213027771e-06,
        "CI_95": [
          0.8215386144118597,
          0.987818470164263
        ]
      }
    },
    "CI_overlap_JUNB": true
  },
  "t3": {
    "r_squared": 0.8458259131100727,
    "n": 23,
    "df_residual": 17.0,
    "n_outliers": 0,
    "outlier_threshold": 3.0,
    "max_studentized_resid": NaN,
    "max_cooks_d": NaN,
    "coefficients": {
      "intercept": 0.06057848584148212,
      "JUNB": 0.12681756270352207,
      "age": -0.00011240204354206744,
      "sex": -0.01988662660462503,
      "tech": -0.017318230797570222
    },
    "donor_residuals": {
      "sample": [
        "OM3",
        "OM4",
        "OM8",
        "YM1",
        "YM3",
        "OM1",
        "OM2",
        "OM7",
        "OM5",
        "OM6",
        "OM9",
        "P17",
        "P21",
        "P23",
        "P27",
        "P29",
        "P3",
        "P13",
        "P26",
        "P5",
        "YM2",
        "YM4",
        "YM5"
      ],
      "studentized_resid": [
        -1.8961214859431132,
        1.4108385657042959,
        -2.0943348114093863,
        0.298729265854243,
        0.5995142045046837,
        2.667555511126155,
        -0.06845305148835251,
        -0.20047451995113313,
        -0.020898967286514507,
        -1.0282355913042436,
        0.34213221065189586,
        0.17278975425263038,
        0.08848503606802315,
        0.22844341737002785,
        -0.5492893728748002,
        -0.20209655203516885,
        1.3024059644964985,
        -0.49155020028481056,
        -0.8073563570929505,
        0.08033067402209779,
        0.14892189232623726,
        0.059522516695218526,
        NaN
      ],
      "cooks_d": [
        0.19943815171616197,
        0.13075679199917808,
        0.13189062138530502,
        0.0050541203748538975,
        0.017412606777187326,
        0.34889704034602986,
        0.00024977870388148417,
        0.0012522785141943513,
        2.1933999313505956e-05,
        0.028016114591947507,
        0.008781938086996547,
        0.0012517377724002333,
        0.00029630948669430007,
        0.0019919136062300923,
        0.014664534988550868,
        0.0012852629996336791,
        0.06302060250774197,
        0.010903395600352535,
        0.09759703072625084,
        0.0002426339296325581,
        0.001545499394047231,
        0.00017154083063075615,
        NaN
      ]
    }
  },
  "metadata": {
    "vascular_n": 23,
    "musc_n": 23
  }
}