{
  "detection_check": {
    "tier1_passing_genes": [
      "MAPK14",
      "MEF2A",
      "MAX"
    ],
    "detection_pass": true,
    "tier1_detection": {
      "MAPK14": {
        "fap": 0.28547384423270084,
        "musc": 0.2244668911335578
      },
      "MEF2A": {
        "fap": 0.3136520346390857,
        "musc": 0.39281705948372614
      },
      "MAX": {
        "fap": 0.22892743708771074,
        "musc": 0.2588383838383838
      }
    }
  },
  "age_effects": {
    "fap": {
      "tier1_MAPK14": {
        "d": 0.016800256446003914,
        "p_value": 0.338961084039755,
        "young_mean": -0.023247171193361282,
        "old_mean": -0.006628887727856636,
        "young_det": 0.2195945945945946,
        "old_det": 0.28547384423270084,
        "n_young": 3552,
        "n_old": 36837
      },
      "tier1_MEF2A": {
        "d": -0.016573067754507065,
        "p_value": 0.3455329807029761,
        "young_mean": -0.008739329874515533,
        "old_mean": -0.025002095848321915,
        "young_det": 0.2972972972972973,
        "old_det": 0.3136520346390857,
        "n_young": 3552,
        "n_old": 36837
      },
      "tier1_MAX": {
        "d": -0.053936563432216644,
        "p_value": 0.002142415344531079,
        "young_mean": 0.0559748113155365,
        "old_mean": 0.001779552549123764,
        "young_det": 0.17060810810810811,
        "old_det": 0.22892743708771074,
        "n_young": 3552,
        "n_old": 36837
      },
      "tier2_FOS": {
        "d": 1.3574289083480835,
        "p_value": 0.0,
        "young_mean": -1.002524733543396,
        "old_mean": 0.1696264147758484,
        "young_det": 0.27224099099099097,
        "old_det": 0.7083638732795831,
        "n_young": 3552,
        "n_old": 36837
      },
      "tier2_JUND": {
        "d": 0.13187699019908905,
        "p_value": 6.217248937900877e-14,
        "young_mean": -0.10341144353151321,
        "old_mean": 0.028191784396767616,
        "young_det": 0.31052927927927926,
        "old_det": 0.5574015256399816,
        "n_young": 3552,
        "n_old": 36837
      },
      "tier2_GADD45B": {
        "d": 0.2817531228065491,
        "p_value": 0.0,
        "young_mean": -0.19677355885505676,
        "old_mean": 0.07807692140340805,
        "young_det": 0.38682432432432434,
        "old_det": 0.6742677199554795,
        "n_young": 3552,
        "n_old": 36837
      },
      "tier2_DUSP1": {
        "d": 0.8001731038093567,
        "p_value": 0.0,
        "young_mean": -0.651551365852356,
        "old_mean": 0.10729113966226578,
        "young_det": 0.23564189189189189,
        "old_det": 0.6821673860520672,
        "n_young": 3552,
        "n_old": 36837
      },
      "tier2_ATF4": {
        "d": -0.026809873059391975,
        "p_value": 0.12702882429078888,
        "young_mean": 0.05387827008962631,
        "old_mean": 0.027322247624397278,
        "young_det": 0.44144144144144143,
        "old_det": 0.6040937101284035,
        "n_young": 3552,
        "n_old": 36837
      },
      "ap1_JUNB": {
        "d": 1.009416937828064,
        "p_value": 0.0,
        "young_mean": -0.7837044596672058,
        "old_mean": 0.1412830352783203,
        "young_det": 0.24971846846846846,
        "old_det": 0.7000298612807775,
        "n_young": 3552,
        "n_old": 36837
      },
      "ap1_FOS": {
        "d": 1.3574289083480835,
        "p_value": 0.0,
        "young_mean": -1.002524733543396,
        "old_mean": 0.1696264147758484,
        "young_det": 0.27224099099099097,
        "old_det": 0.7083638732795831,
        "n_young": 3552,
        "n_old": 36837
      },
      "ap1_JUND": {
        "d": 0.13187699019908905,
        "p_value": 6.217248937900877e-14,
        "young_mean": -0.10341144353151321,
        "old_mean": 0.028191784396767616,
        "young_det": 0.31052927927927926,
        "old_det": 0.5574015256399816,
        "n_young": 3552,
        "n_old": 36837
      },
      "ap1_JUN": {
        "d": 0.7736091017723083,
        "p_value": 0.0,
        "young_mean": -0.5668489933013916,
        "old_mean": 0.12935630977153778,
        "young_det": 0.40596846846846846,
        "old_det": 0.7007356733718816,
        "n_young": 3552,
        "n_old": 36837
      },
      "JUNB_scRNA": {
        "d": 1.009416937828064,
        "p_value": 0.0,
        "young_mean": -0.7837044596672058,
        "old_mean": 0.1412830352783203,
        "young_det": 0.24971846846846846,
        "old_det": 0.7000298612807775,
        "n_young": 3552,
        "n_old": 36837
      },
      "JUNB_snRNA": {
        "d": 1.009416937828064,
        "p_value": 0.0,
        "young_mean": -0.7837044596672058,
        "old_mean": 0.1412830352783203,
        "young_det": 0.24971846846846846,
        "old_det": 0.7000298612807775,
        "n_young": 3552,
        "n_old": 36837
      },
      "MEF2A_scRNA": {
        "d": -0.016573067754507065,
        "p_value": 0.3455329807029761,
        "young_mean": -0.008739329874515533,
        "old_mean": -0.025002095848321915,
        "young_det": 0.2972972972972973,
        "old_det": 0.3136520346390857,
        "n_young": 3552,
        "n_old": 36837
      },
      "MEF2A_snRNA": {
        "d": -0.016573067754507065,
        "p_value": 0.3455329807029761,
        "young_mean": -0.008739329874515533,
        "old_mean": -0.025002095848321915,
        "young_det": 0.2972972972972973,
        "old_det": 0.3136520346390857,
        "n_young": 3552,
        "n_old": 36837
      },
      "FOS_scRNA": {
        "d": 1.3574289083480835,
        "p_value": 0.0,
        "young_mean": -1.002524733543396,
        "old_mean": 0.1696264147758484,
        "young_det": 0.27224099099099097,
        "old_det": 0.7083638732795831,
        "n_young": 3552,
        "n_old": 36837
      },
      "FOS_snRNA": {
        "d": 1.3574289083480835,
        "p_value": 0.0,
        "young_mean": -1.002524733543396,
        "old_mean": 0.1696264147758484,
        "young_det": 0.27224099099099097,
        "old_det": 0.7083638732795831,
        "n_young": 3552,
        "n_old": 36837
      }
    },
    "musc": {
      "tier1_MAPK14": {
        "d": 0.11371787491241253,
        "p_value": 1.3074441653770918e-06,
        "young_mean": 0.2940075638762331,
        "old_mean": 0.3763164926525633,
        "young_det": 0.17153434800493625,
        "old_det": 0.2244668911335578,
        "n_young": 2431,
        "n_old": 7128
      },
      "tier1_MEF2A": {
        "d": -0.1206051420378568,
        "p_value": 2.8778500005266494e-07,
        "young_mean": 0.8403332954992324,
        "old_mean": 0.7216338175996815,
        "young_det": 0.4282188399835459,
        "old_det": 0.39281705948372614,
        "n_young": 2431,
        "n_old": 7128
      },
      "tier1_MAX": {
        "d": -0.011654716259970823,
        "p_value": 0.619752600797264,
        "young_mean": 0.43030861466774956,
        "old_mean": 0.4215365728819562,
        "young_det": 0.2542163718634307,
        "old_det": 0.2588383838383838,
        "n_young": 2431,
        "n_old": 7128
      },
      "tier2_FOS": {
        "d": 0.5903754474786951,
        "p_value": 0.0,
        "young_mean": 1.5938178802686014,
        "old_mean": 2.2980696319275986,
        "young_det": 0.6190867955573838,
        "old_det": 0.8211279461279462,
        "n_young": 2431,
        "n_old": 7128
      },
      "tier2_JUND": {
        "d": -0.06149209196521715,
        "p_value": 0.008855543086432549,
        "young_mean": 1.0506665185443962,
        "old_mean": 0.9890299679111191,
        "young_det": 0.5100781571369807,
        "old_det": 0.5227272727272727,
        "n_young": 2431,
        "n_old": 7128
      },
      "tier2_GADD45B": {
        "d": 0.26240145027727985,
        "p_value": 0.0,
        "young_mean": 1.142389672465198,
        "old_mean": 1.437309428644583,
        "young_det": 0.5084327437268614,
        "old_det": 0.6484287317620651,
        "n_young": 2431,
        "n_old": 7128
      },
      "tier2_DUSP1": {
        "d": 0.5678678663327856,