{
  "HLMA_FAPs": {
    "age_effects": {
      "MAP3K10": {
        "detect_young": 14.171199541941023,
        "detect_aged": 4.262019165512935,
        "d": 0.1133284643292427,
        "p": 1.6327648952718501e-62,
        "n_young": 3493,
        "n_aged": 36837,
        "p_BH": 2.5657734068557647e-62,
        "significant_BH": true
      },
      "MAP3K11": {
        "detect_young": 3.406813627254509,
        "detect_aged": 3.8005266444064394,
        "d": 0.040670592337846756,
        "p": 2.7316753870877826e-205,
        "n_young": 3493,
        "n_aged": 36837,
        "p_BH": 7.512107314491402e-205,
        "significant_BH": true
      },
      "MAP4K1": {
        "detect_young": 20.87031205267678,
        "detect_aged": 13.486440263865134,
        "d": 0.027115631848573685,
        "p": 1.67600628353532e-129,
        "n_young": 3493,
        "n_aged": 36837,
        "p_BH": 3.687213823777704e-129,
        "significant_BH": true
      },
      "MAP4K2": {
        "detect_young": 1.975379330088749,
        "detect_aged": 1.8106794798707821,
        "d": 0.031068598851561546,
        "p": 2.613951115040247e-44,
        "n_young": 3493,
        "n_aged": 36837,
        "p_BH": 3.5941827831803397e-44,
        "significant_BH": true
      },
      "MAP4K4": {
        "detect_young": 24.248496993987974,
        "detect_aged": 35.41004967831257,
        "d": -0.12237421423196793,
        "p": 2.218979529712178e-17,
        "n_young": 3493,
        "n_aged": 36837,
        "p_BH": 2.4408774826833957e-17,
        "significant_BH": true
      },
      "MAP3K5": {
        "detect_young": 16.06069281419983,
        "detect_aged": 9.525748568015853,
        "d": 0.011425906792283058,
        "p": 2.3813469233522198e-29,
        "n_young": 3493,
        "n_aged": 36837,
        "p_BH": 2.910535128541602e-29,
        "significant_BH": true
      },
      "MAP3K7": {
        "detect_young": 8.96077870025766,
        "detect_aged": 16.431848413280125,
        "d": -0.057599976658821106,
        "p": 1.1133968812088489e-103,
        "n_young": 3493,
        "n_aged": 36837,
        "p_BH": 2.0412276155495566e-103,
        "significant_BH": true
      },
      "FOS": {
        "detect_young": 27.683939307185803,
        "detect_aged": 70.8363873279583,
        "d": -1.3219356536865234,
        "p": 0.0,
        "n_young": 3493,
        "n_aged": 36837,
        "p_BH": 0.0,
        "significant_BH": true
      },
      "JUNB": {
        "detect_young": 25.393644431720585,
        "detect_aged": 70.00298612807775,
        "d": -0.9876680374145508,
        "p": 0.0,
        "n_young": 3493,
        "n_aged": 36837,
        "p_BH": 0.0,
        "significant_BH": true
      },
      "MAP2K4": {
        "detect_young": 13.140566847981678,
        "detect_aged": 13.695469229307488,
        "d": 0.028169499710202217,
        "p": 5.764043574124439e-16,
        "n_young": 3493,
        "n_aged": 36837,
        "p_BH": 5.764043574124439e-16,
        "significant_BH": true
      },
      "MAP2K7": {
        "detect_young": 9.476095047237331,
        "detect_aged": 14.572305019409832,
        "d": 0.020035719498991966,
        "p": 2.2926819243657577e-291,
        "n_young": 3493,
        "n_aged": 36837,
        "p_BH": 8.406500389341112e-291,
        "significant_BH": true
      }
    },
    "correlations": {
      "MAP3K10_FOS": {
        "rho": 0.5850631115342209,
        "p": 3.8203926495751784e-44,
        "n": 466,
        "detectable": true
      },
      "MAP3K11_FOS": {
        "rho": 0.348188560871222,
        "p": 3.7598471316496644e-28,
        "n": 939,
        "detectable": true
      },
      "MAP4K1_FOS": {
        "rho": -0.07255758787871126,
        "p": 0.010345666255670103,
        "n": 1248,
        "detectable": true
      },
      "MAP4K2_FOS": {
        "rho": 0.2956001541143995,
        "p": 5.890437743967694e-10,
        "n": 422,
        "detectable": true
      },
      "MAP4K4_FOS": {
        "rho": 0.25348854139199123,
        "p": 3.872885395317729e-134,
        "n": 9150,
        "detectable": true
      },
      "MAP3K5_FOS": {
        "rho": 0.379144175789444,
        "p": 2.569133149379265e-76,
        "n": 2205,
        "detectable": true
      },
      "MAP3K7_FOS": {
        "rho": 0.2531576353939387,
        "p": 1.6221179534792842e-63,
        "n": 4276,
        "detectable": true
      }
    },
    "n_young": 3493,
    "n_aged": 36837
  },
  "MuSCs": {
    "age_effects": {
      "MAP3K10": {
        "detect_young": 2.9224904701397714,
        "detect_aged": 1.5712682379349048,
        "d": 0.10199271207114996,
        "p": 3.031730388694416e-05,
        "n_young": 2361,
        "n_aged": 7128,
        "p_BH": 6.669806855127715e-05,
        "significant_BH": true
      },
      "MAP3K11": {
        "detect_young": 4.955527318932655,
        "detect_aged": 4.812008978675646,
        "d": 0.01600852051749866,
        "p": 0.750736122073473,
        "n_young": 2361,
        "n_aged": 7128,
        "p_BH": 0.750736122073473,
        "significant_BH": false
      },
      "MAP4K1": {
        "detect_young": 0.847098686997035,
        "detect_aged": 0.7295173961840629,
        "d": 0.013636520748393196,
        "p": 0.5677049527269354,
        "n_young": 2361,
        "n_aged": 7128,
        "p_BH": 0.6938616088884766,
        "significant_BH": false
      },
      "MAP4K2": {
        "detect_young": 1.736552308343922,
        "detect_aged": 1.627384960718294,
        "d": 0.015788628156576518,
        "p": 0.7084569728846044,
        "n_young": 2361,
        "n_aged": 7128,
        "p_BH": 0.750736122073473,
        "significant_BH": false
      },
      "MAP4K4": {
        "detect_young": 32.06268530283778,
        "detect_aged": 38.97306397306397,
        "d": -0.11838503539322583,
        "p": 5.3998603408983805e-08,
        "n_young": 2361,
        "n_aged": 7128,
        "p_BH": 1.9799487916627398e-07,
        "significant_BH": true
      },
      "MAP3K5": {
        "detect_young": 10.292249047013977,
        "detect_aged": 8.950617283950617,
        "d": 0.04644186516709398,
        "p": 0.0527011772604641,
        "n_young": 2361,
        "n_aged": 7128,
        "p_BH": 0.08281613569501502,
        "significant_BH": false
      },
      "MAP3K7": {
        "detect_young": 13.172384582803897,
        "detect_aged": 16.554433221099888,
        "d": -0.09273731605493465,
        "p": 7.48450989024662e-05,
        "n_young": 2361,
        "n_aged": 7128,
        "p_BH": 0.0001372160146545214,
        "significant_BH": true
      },
      "FOS": {
        "detect_young": 63.744176196526894,
        "detect_aged": 82.11279461279462,
        "d": -0.5524730004908808,
        "p": 1.7674695623583922e-106,
        "n_young": 2361,
        "n_aged": 7128,
        "p_BH": 1.9442165185942314e-105,
        "significant_BH": true
      },
      "JUNB": {
        "detect_young": 61.41465480728505,
        "detect_aged": 77.74971941638609,
        "d": -0.4302101268918723,
        "p": 2.2346088735894767e-81,
        "n_young": 2361,
        "n_aged": 7128,
        "p_BH": 1.2290348804742121e-80,
        "significant_BH": true
      },
      "MAP2K4": {
        "detect_young": 13.807708598051674,
        "detect_aged": 14.632435465768797,
        "d": -0.011235816972289932,
        "p": 0.39814114812231516,
        "n_young": 2361,
        "n_aged": 7128,
        "p_BH": 0.5474440786681833,
        "significant_BH": false
      },
      "MAP2K7": {
        "detect_young": 11.393477340110122,
        "detect_aged": 15.404040404040403,
        "d": -0.11360949340441294,
        "p": 1.2426648313114e-06,
        "n_young": 2361,
        "n_aged": 7128,
        "p_BH": 3.41732828610635e-06,
        "significant_BH": true
      }
    },
    "correlations": {
      "MAP3K10_FOS": {
        "rho": 0.4388744909292853,
        "p": 9.173267298728494e-05,
        "n": 74,
        "detectable": true
      },