{
  "finding": "F121",
  "headline_OR": 26.44,
  "headline_source": "batch_047",
  "scope_jaccard": {
    "all|BP_only": 0.662771285475793,
    "all|CC_only": 0.8848080133555927,
    "all|BP_union_CC": 1.0,
    "BP_only|CC_only": 0.5475792988313857,
    "BP_only|BP_union_CC": 0.662771285475793,
    "CC_only|BP_union_CC": 0.8848080133555927
  },
  "scopes_dropped": [
    "BP_union_CC"
  ],
  "cells": [
    {
      "spec": "all__prioritised_n106",
      "scope": "all",
      "edt": "prioritised_n106",
      "n_inter": 12,
      "descriptive_only": false,
      "numerator_genes": [
        "CACNA1C",
        "CLCN3",
        "DCC",
        "DLGAP2",
        "GABBR2",
        "GPM6A",
        "GRIN2A",
        "GRM1",
        "PTPRD",
        "SNAP91"
      ],
      "a": 10,
      "b": 2,
      "c": 3055,
      "d": 14418,
      "OR": 23.597381342062192,
      "OR_low": 5.167683254945237,
      "OR_high": 107.75358680697735,
      "raw_p": 1.263916530841511e-06,
      "haldane_applied": false,
      "emp_p": 9.999000099990002e-05
    },
    {
      "spec": "all__broader_n470",
      "scope": "all",
      "edt": "broader_n470",
      "n_inter": 48,
      "descriptive_only": false,
      "numerator_genes": [
        "AP3D1",
        "CACNA1C",
        "CLCN3",
        "CPEB1",
        "CTNND1",
        "CUL3",
        "DCC",
        "DGKI",
        "DLGAP2",
        "DRD2",
        "EFNA5",
        "EIF5",
        "GABBR2",
        "GPM6A",
        "GRIN2A",
        "GRM1",
        "GRM3",
        "HCN1",
        "IGSF9B",
        "KCNB1",
        "LRRC4",
        "NGEF",
        "NSF",
        "PCDH17",
        "PTPRD",
        "PTPRF",
        "RELA",
        "RPL13",
        "SNAP91",
        "TAOK2",
        "YWHAE",
        "ZDHHC5"
      ],
      "a": 32,
      "b": 16,
      "c": 3033,
      "d": 14404,
      "OR": 9.498186613913617,
      "OR_low": 5.2054168218113075,
      "OR_high": 17.331090293233398,
      "raw_p": 6.524734756748429e-14,
      "haldane_applied": false,
      "emp_p": 9.999000099990002e-05
    },
    {
      "spec": "BP_only__prioritised_n106",
      "scope": "BP_only",
      "edt": "prioritised_n106",
      "n_inter": 9,
      "descriptive_only": false,
      "numerator_genes": [
        "CLCN3",
        "DCC",
        "DLGAP2",
        "GPM6A",
        "GRIN2A",
        "PTPRD",
        "SNAP91"
      ],
      "a": 7,
      "b": 2,
      "c": 3058,
      "d": 14418,
      "OR": 16.501962066710266,
      "OR_low": 3.4263610770270803,
      "OR_high": 79.47637330955834,
      "raw_p": 0.00013064526572772577,
      "haldane_applied": false,
      "emp_p": 0.00039996000399960006
    },
    {
      "spec": "BP_only__broader_n470",
      "scope": "BP_only",
      "edt": "broader_n470",
      "n_inter": 38,
      "descriptive_only": false,
      "numerator_genes": [
        "CLCN3",
        "CPEB1",
        "CTNND1",
        "CUL3",
        "DCC",
        "DGKI",
        "DLGAP2",
        "DRD2",
        "EFNA5",
        "GPM6A",
        "GRIN2A",
        "GRM3",
        "HCN1",
        "IGSF9B",
        "LRRC4",
        "NGEF",
        "NSF",
        "PCDH17",
        "PTPRD",
        "PTPRF",
        "RELA",
        "RPL13",
        "SNAP91",
        "TAOK2",
        "YWHAE",
        "ZDHHC5"
      ],
      "a": 26,
      "b": 12,
      "c": 3039,
      "d": 14408,
      "OR": 10.272238675002741,
      "OR_low": 5.1774061469675825,
      "OR_high": 20.380647065524258,
      "raw_p": 5.9920378789757196e-12,
      "haldane_applied": false,
      "emp_p": 9.999000099990002e-05
    },
    {
      "spec": "CC_only__prioritised_n106",
      "scope": "CC_only",
      "edt": "prioritised_n106",
      "n_inter": 11,
      "descriptive_only": false,
      "numerator_genes": [
        "CACNA1C",
        "CLCN3",
        "DCC",
        "DLGAP2",
        "GABBR2",
        "GPM6A",
        "GRIN2A",
        "GRM1",
        "PTPRD",
        "SNAP91"
      ],
      "a": 10,
      "b": 1,
      "c": 3055,
      "d": 14419,
      "OR": 47.198036006546644,
      "OR_low": 6.039470319800363,
      "OR_high": 368.849333619858,
      "raw_p": 2.5038549267588477e-07,
      "haldane_applied": false,
      "emp_p": 9.999000099990002e-05
    },
    {
      "spec": "CC_only__broader_n470",
      "scope": "CC_only",
      "edt": "broader_n470",
      "n_inter": 42,
      "descriptive_only": false,
      "numerator_genes": [
        "AP3D1",
        "CACNA1C",
        "CLCN3",
        "CPEB1",
        "CTNND1",
        "DCC",
        "DGKI",
        "DLGAP2",
        "DRD2",
        "EIF5",
        "GABBR2",
        "GPM6A",
        "GRIN2A",
        "GRM1",
        "GRM3",
        "HCN1",
        "KCNB1",
        "LRRC4",
        "NGEF",
        "NSF",
        "PCDH17",
        "PTPRD",
        "PTPRF",
        "RELA",
        "RPL13",
        "SNAP91",
        "TAOK2",
        "YWHAE",
        "ZDHHC5"
      ],
      "a": 29,
      "b": 13,
      "c": 3036,
      "d": 14407,
      "OR": 10.585867031519205,
      "OR_low": 5.496715401849764,
      "OR_high": 20.386826061850396,
      "raw_p": 2.45701845927245e-13,
      "haldane_applied": false,
      "emp_p": 9.999000099990002e-05
    }
  ],
  "elapsed_s": 2.876171827316284
}