{
  "results": [
    {
      "background": "Entrez_proteincoding",
      "N": 20000,
      "m": 444,
      "k": 211,
      "x": 24,
      "or": 5.84751718869366,
      "p": 6.102111950289547e-11
    },
    {
      "background": "Brain_expressed",
      "N": 1619,
      "m": 444,
      "k": 211,
      "x": 24,
      "or": 0.2307104660045837,
      "p": 0.9999999995558458
    },
    {
      "background": "Ensembl_BioMart",
      "N": 18920,
      "m": 444,
      "k": 211,
      "x": 24,
      "or": 5.5174942704354475,
      "p": 1.856084494260961e-10
    }
  ]
}