{
  "finding": "F013",
  "headline_OR": 9.76,
  "headline_source": "batch_009",
  "cells": [
    {
      "spec": "all_coding",
      "n_bg": 19976,
      "n_scz_in_bg": 444,
      "n_markers_in_bg": 93,
      "numerator_genes": [
        "CNTNAP2",
        "DLGAP1",
        "GABBR2",
        "GABRA1",
        "GAD1",
        "KCNMA1",
        "NBEA",
        "NRGN",
        "PCLO",
        "PCSK2",
        "PDE1A",
        "PPP1R1B",
        "RGS17",
        "SCN1A",
        "SYNPR",
        "TH",
        "ZIC1"
      ],
      "a": 17,
      "b": 427,
      "c": 76,
      "d": 19456,
      "OR": 10.192037470725996,
      "OR_low": 5.9719935929490955,
      "OR_high": 17.394129144299,
      "raw_p": 2.1313134865935528e-11,
      "haldane_applied": false,
      "emp_p": 9.999000099990002e-05
    },
    {
      "spec": "protein_only",
      "n_bg": 17513,
      "n_scz_in_bg": 444,
      "n_markers_in_bg": 86,
      "numerator_genes": [
        "CNTNAP2",
        "DLGAP1",
        "GABBR2",
        "GABRA1",
        "GAD1",
        "KCNMA1",
        "NBEA",
        "NRGN",
        "PCLO",
        "PCSK2",
        "PDE1A",
        "PPP1R1B",
        "RGS17",
        "SCN1A",
        "SYNPR",
        "TH",
        "ZIC1"
      ],
      "a": 17,
      "b": 427,
      "c": 69,
      "d": 17000,
      "OR": 9.808912873773886,
      "OR_low": 5.719970216262603,
      "OR_high": 16.820851879916486,
      "raw_p": 4.352431058134093e-11,
      "haldane_applied": false,
      "emp_p": 9.999000099990002e-05
    },
    {
      "spec": "brain_expressed",
      "n_bg": 20354,
      "n_scz_in_bg": 419,
      "n_markers_in_bg": 95,
      "numerator_genes": [
        "CNTNAP2",
        "DLGAP1",
        "GABBR2",
        "GABRA1",
        "GAD1",
        "KCNMA1",
        "NBEA",
        "NRGN",
        "PCLO",
        "PCSK2",
        "PDE1A",
        "PPP1R1B",
        "RGS17",
        "SCN1A",
        "SYNPR",
        "TH",
        "ZIC1"
      ],
      "a": 17,
      "b": 402,
      "c": 78,
      "d": 19857,
      "OR": 10.765690776884806,
      "OR_low": 6.312498263994841,
      "OR_high": 18.36041659838107,
      "raw_p": 9.15515556548624e-12,
      "haldane_applied": false,
      "emp_p": 9.999000099990002e-05
    },
    {
      "spec": "gtex_any",
      "n_bg": 31778,
      "n_scz_in_bg": 439,
      "n_markers_in_bg": 95,
      "numerator_genes": [
        "CNTNAP2",
        "DLGAP1",
        "GABBR2",
        "GABRA1",
        "GAD1",
        "KCNMA1",
        "NBEA",
        "NRGN",
        "PCLO",
        "PCSK2",
        "PDE1A",
        "PPP1R1B",
        "RGS17",
        "SCN1A",
        "SYNPR",
        "TH",
        "ZIC1"
      ],
      "a": 17,
      "b": 422,
      "c": 78,
      "d": 31261,
      "OR": 16.145248511362254,
      "OR_low": 9.471464525920522,
      "OR_high": 27.521514627465788,
      "raw_p": 1.709119480982491e-14,
      "haldane_applied": false,
      "emp_p": 9.999000099990002e-05
    },
    {
      "spec": "constrained_pLI09",
      "n_bg": 3338,
      "n_scz_in_bg": 444,
      "n_markers_in_bg": 45,
      "numerator_genes": [
        "CNTNAP2",
        "DLGAP1",
        "GABBR2",
        "GABRA1",
        "GAD1",
        "KCNMA1",
        "NBEA",
        "NRGN",
        "PCLO",
        "PCSK2",
        "PDE1A",
        "PPP1R1B",
        "RGS17",
        "SCN1A",
        "SYNPR",
        "TH",
        "ZIC1"
      ],
      "a": 17,
      "b": 427,
      "c": 28,
      "d": 2866,
      "OR": 4.075108732017397,
      "OR_low": 2.211652207981936,
      "OR_high": 7.508644947804592,
      "raw_p": 2.8987237036219404e-05,
      "haldane_applied": false,
      "emp_p": 0.00019998000199980003
    }
  ],
  "elapsed_s": 4.91343355178833
}