{
  "batch": "batch_049",
  "sub": "HAR_EDT1_promoter_direct_test",
  "generated_at": "2026-04-23 03:27:04.025993",
  "har_bed": "/home/yuanz/Documents/GitHub/biomarvin_schizophrenia/data/item_15/reference_assets/harsRichard2020.GRCh37.bed",
  "tss_csv": "/home/yuanz/Documents/GitHub/biomarvin_schizophrenia/data/ldsc/gene_tss_grch37.csv",
  "har_window_bp": 50000,
  "n_hars": 3130,
  "n_genes_background": 20228,
  "n_genes_with_har": 863,
  "bg_har_rate": 0.04266363456594819,
  "gene_sets": [
    {
      "n_genes": 14,
      "n_har_overlap": 1,
      "har_rate": 0.07142857142857142,
      "bg_har_rate": 0.04266363456594819,
      "fisher_or": 1.7269320007139033,
      "fisher_p": 0.45697893153641284,
      "ci_low": 0.2256464887978913,
      "ci_high": 13.216665373246416,
      "har_overlap_genes": [
        "NLGN1"
      ],
      "table_a": 1,
      "table_b": 13,
      "table_c": 862,
      "table_d": 19352,
      "gene_set": "SynGO_EDT1",
      "bh_q": 0.5820645462115978
    },
    {
      "n_genes": 466,
      "n_har_overlap": 26,
      "har_rate": 0.055793991416309016,
      "bg_har_rate": 0.04266363456594819,
      "fisher_or": 1.3360758118822635,
      "fisher_p": 0.16265026124587012,
      "ci_low": 0.8941722532314483,
      "ci_high": 1.9963699037245712,
      "har_overlap_genes": [
        "BCL11B",
        "CHRNB4",
        "CNTN4",
        "CPNE7",
        "DPEP1",
        "EFNA5",
        "ESAM",
        "FHIT",
        "GLYCTK",
        "IGSF9B",
        "KIF18A",
        "LETM2",
        "METTL15",
        "NRGN",
        "OPCML",
        "PAX4",
        "RPL13",
        "SLC4A10",
        "SLC6A9",
        "SND1",
        "STAG1",
        "VSIG2",
        "WDR82",
        "WHSC1L1",
        "ZEB2",
        "ZNF365"
      ],
      "table_a": 26,
      "table_b": 440,
      "table_c": 837,
      "table_d": 18925,
      "gene_set": "EDT1",
      "bh_q": 0.5820645462115978
    },
    {
      "n_genes": 10,
      "n_har_overlap": 1,
      "har_rate": 0.1,
      "bg_har_rate": 0.04266363456594819,
      "fisher_or": 2.4949729311678266,
      "fisher_p": 0.3534494380929437,
      "ci_low": 0.3157293880196743,
      "ci_high": 19.71590280621036,
      "har_overlap_genes": [
        "SATB1"
      ],
      "table_a": 1,
      "table_b": 9,
      "table_c": 862,
      "table_d": 19356,
      "gene_set": "SCHEMA",
      "bh_q": 0.5820645462115978
    },
    {
      "n_genes": 20,
      "n_har_overlap": 1,
      "har_rate": 0.05,
      "bg_har_rate": 0.04266363456594819,
      "fisher_or": 1.1812187080229577,
      "fisher_p": 0.5820645462115978,
      "ci_low": 0.15794190455015433,
      "ci_high": 8.834119356464745,
      "har_overlap_genes": [
        "NLGN1"
      ],
      "table_a": 1,
      "table_b": 19,
      "table_c": 862,
      "table_d": 19346,
      "gene_set": "EDT1_constrained_tier",
      "bh_q": 0.5820645462115978
    }
  ]
}