{
  "r1": {
    "donor_level": {
      "rho": 0.023150762281197064,
      "p_value": 0.9185490835113286,
      "n_donors": 22
    },
    "per_gene_rho": {
      "CCL2": {
        "rho": 0.189158667419537,
        "p_value": 0.3991761294159495
      },
      "CXCL1": {
        "rho": -0.17447769621682668,
        "p_value": 0.43740178605254565
      },
      "CXCL2": {
        "rho": 0.059288537549407126,
        "p_value": 0.7932554520311476
      },
      "CXCL3": {
        "rho": -0.3382269904009035,
        "p_value": 0.12365619745899702
      },
      "CXCL6": {
        "rho": -0.5844155844155845,
        "p_value": 0.004286990058910934
      },
      "IL6": {
        "rho": -0.4511575381140599,
        "p_value": 0.03507614342579068
      },
      "CXCL8": {
        "rho": -0.3529079616036138,
        "p_value": 0.10718178816694088
      },
      "SERPINE1": {
        "rho": 0.3280632411067194,
        "p_value": 0.13608127719219507
      },
      "MMP1": {
        "rho": -0.5358554488989272,
        "p_value": 0.010157158875820884
      },
      "MMP3": {
        "rho": -0.39920948616600793,
        "p_value": 0.065688713148864
      }
    },
    "mixed_effects": {
      "slope": 0.10724990784473812,
      "p_value": 0.6267669026800043,
      "ci_lower": -0.3250213900823341,
      "ci_upper": 0.5395212057718103,
      "r_squared": 0.013479060073114058
    },
    "cross_atlas": {
      "rho": 0.416247483584795,
      "p_value": 0.05399228801765893,
      "n_donors": 22
    }
  }
}