{
  "old": {
    "n_donors": 18,
    "rho": 0.8945210445679528,
    "p_value": 5.507811632634046e-07,
    "donors": [
      "OM3",
      "OM8",
      "OM1",
      "OM2",
      "OM7",
      "OM5",
      "OM6",
      "OM9",
      "P17",
      "P21",
      "P23",
      "P27",
      "P29",
      "P3",
      "P13",
      "P26",
      "P5",
      "OM4"
    ],
    "decision": "SUPPORTS",
    "comparison_to_f088": {
      "f088_pooled": 0.8703700140727316,
      "delta": 0.02415103049522116
    },
    "rho_95ci": [
      0.7343181856365681,
      0.9603329805608636
    ]
  },
  "young": {
    "n_donors": 5,
    "rho": 0.7,
    "p_value": 0.1881204043741873,
    "donors": [
      "YM1",
      "YM3",
      "YM2",
      "YM4",
      "YM5"
    ]
  },
  "all": {
    "n_donors": 23,
    "rho": 0.8722166419325326,
    "p_value": 5.84780505767222e-08,
    "donors": [
      "OM3",
      "OM8",
      "OM1",
      "OM2",
      "OM7",
      "OM5",
      "OM6",
      "OM9",
      "P17",
      "P21",
      "P23",
      "P27",
      "P29",
      "P3",
      "P13",
      "P26",
      "P5",
      "OM4",
      "YM1",
      "YM3",
      "YM2",
      "YM4",
      "YM5"
    ]
  }
}