{
  "young_cells": 2361,
  "old_cells": 7128,
  "scRNA_cells": 6667,
  "snRNA_cells": 2892,
  "overall_junb_sasp_rho": 0.0722676194694202,
  "young_junb_sasp_rho": 0.11558993483365852,
  "old_junb_sasp_rho": 0.05409515303662187,
  "technology_stratified": {
    "scRNA_rho": -0.043388024861005514,
    "snRNA_rho": 0.05044061896320521
  },
  "per_gene_rho": {
    "CCL2": {
      "rho": 0.21672932743513418,
      "p_value": 5.397586161713486e-102,
      "p_value_bh": 6.477103394056183e-101
    },
    "CXCL1": {
      "rho": 0.041291860760833646,
      "p_value": 5.3838772888252464e-05,
      "p_value_bh": 8.715920758132622e-05
    },
    "CXCL2": {
      "rho": 0.12559308296457491,
      "p_value": 6.523338089051744e-35,
      "p_value_bh": 2.6093352356206976e-34
    },
    "CXCL3": {
      "rho": 0.03952418639434503,
      "p_value": 0.00011095724458364991,
      "p_value_bh": 0.00014794299277819987
    },
    "CXCL6": {
      "rho": 0.004409260656481716,
      "p_value": 0.6664394720668603,
      "p_value_bh": 0.727024878618393
    },
    "IL6": {
      "rho": 0.05822457825328227,
      "p_value": 1.2213886757074258e-08,
      "p_value_bh": 2.9313328216978217e-08
    },
    "CXCL8": {
      "rho": 0.0411086554472659,
      "p_value": 5.8106138387550804e-05,
      "p_value_bh": 8.715920758132622e-05
    },
    "SERPINE1": {
      "rho": 0.20545031592634505,
      "p_value": 1.2546436809718198e-91,
      "p_value_bh": 7.527862085830919e-91
    },
    "MMP1": {
      "rho": 0.0006169069178578835,
      "p_value": 0.951910973261979,
      "p_value_bh": 0.951910973261979
    },
    "MMP3": {
      "rho": 0.025435537333583995,
      "p_value": 0.012885686600411148,
      "p_value_bh": 0.015462823920493377
    },
    "PLAU": {
      "rho": 0.0591220456910545,
      "p_value": 7.265272197226692e-09,
      "p_value_bh": 2.1795816591680075e-08
    },
    "PLAUR": {
      "rho": 0.04970567585228334,
      "p_value": 1.161465517100605e-06,
      "p_value_bh": 2.32293103420121e-06
    }
  },
  "junb_fos_rho": 0.7309213889860458,
  "comparison_to_faps": {
    "fap_rho": 0.397,
    "musc_rho": 0.0722676194694202,
    "ratio": 0.18203430596831285
  },
  "detected_sasp_genes": [
    "CCL2",
    "CXCL1",
    "CXCL2",
    "CXCL3",
    "CXCL6",
    "IL6",
    "CXCL8",
    "SERPINE1",
    "MMP1",
    "MMP3",
    "PLAU",
    "PLAUR"
  ],
  "not_detected_genes": [],
  "junb_detection_rate": 0.731457265404331
}