subtype,n_donors,rho,p_value
CD55+ FAP,19,0.2088,0.391033007093879
GPC3+ FAP,20,0.0752,0.7527267095067718
MME+ FAP,22,0.1169,0.6044509636026156
RUNX2+ FAP,9,-0.2833,0.46003032896571994
Tenocyte,17,0.2083,0.4223129818009653
