subtype,n_cells,rho,p_value
CD55+ FAP,10384,0.2061,5.027742222496556e-100
CD99+ FAP,698,0.1182,0.0017534865202113426
GPC3+ FAP,5539,0.228,2.9942661263504633e-66
MME+ FAP,15757,0.2106,2.1516856028504854e-157
RUNX2+ FAP,623,0.1539,0.0001151444218109339
Tenocyte,7388,0.2145,1.2317112124452281e-77
