finding_id,dataset,tf,n_donors,observed_rho,ci_95,power_at_observed,min_rho_80_power,power_label
F084,HLMA_Vascular,JUNB,23,0.929,"[0.838, 0.970]",0.9999999708118957,0.5600000000000002,adequate
F093,HLMA_MuSC,CDKN1A,23,0.929,"[0.838, 0.970]",0.9999999708118957,0.5600000000000002,adequate
F080,HLMA_FAP,JUNB,22,-0.014,"[-0.433, 0.410]",0.028786484311843274,0.5700000000000002,underpowered
D2,NA_Endothelium,JUNB,12,0.72,"[0.249, 0.916]",0.7772596441398165,0.7400000000000002,marginal
Q2,NA_FAP,JUNB,12,0.573,"[-0.001, 0.863]",0.4983922072025192,0.7400000000000002,underpowered
F084_China,HLMA_Vascular_within_China,JUNB,14,0.78,"[0.426, 0.927]",0.9341123419772536,0.6900000000000002,adequate
F084_Spain,HLMA_Vascular_within_Spain,JUNB,9,0.63,"[-0.059, 0.912]",0.44280047924682187,0.8200000000000002,underpowered
